SMSA81,SCSA81,PlaceName81,MSAPMA99,MSACMA99,PMSA99,NECMA99,PlaceName99,MSAPMA99m,MSACMA99m,PMSA99m,NECMA99m,PlaceName_MSA
40,,"Abilene, TX SMSA",40,40,,,"Abilene, TX MSA",40,40,,,"Abilene, TX MSA"
,,,60,60,,,"Aguadilla, PR MSA",60,60,,,"Aguadilla, PR MSA"
80,28,"Akron, OH SMSA",80,1692,80,,"Akron, OH PMSA",80,1692,80,,"Akron, OH PMSA"
120,,"Albany, GA SMSA",120,120,,,"Albany, GA MSA",120,120,,,"Albany, GA MSA"
160,,"Albany-Schenectady-Troy, NY SMSA",160,160,,,"Albany-Schenectady-Troy, NY MSA",160,160,,,"Albany-Schenectady-Troy, NY MSA"
200,,"Albuquerque, NM SMSA",200,200,,,"Albuquerque, NM MSA",200,200,,,"Albuquerque, NM MSA"
220,,"Alexandria, LA SMSA",220,220,,,"Alexandria, LA MSA",220,220,,,"Alexandria, LA MSA"
240,,"Allentown-Bethlehem, PA-NJ SMSA",240,240,,,"Allentown-Bethlehem-Easton, PA MSA",240,240,,,"Allentown-Bethlehem-Easton, PA MSA"
280,,"Altoona, PA SMSA",280,280,,,"Altoona, PA MSA",280,280,,,"Altoona, PA MSA"
320,,"Amarillo, TX SMSA",320,320,,,"Amarillo, TX MSA",320,320,,,"Amarillo, TX MSA"
380,,"Anchorage, AK SMSA",380,380,,,"Anchorage, AK MSA",380,380,,,"Anchorage, AK MSA"
440,35,"Ann Arbor, MI SMSA",440,2162,440,,"Ann Arbor, MI PMSA",440,2162,440,,"Ann Arbor, MI PMSA"
450,,"Anniston, AL SMSA",450,450,,,"Anniston, AL MSA",450,450,,,"Anniston, AL MSA"
460,,"Appleton-Oshkosh, WI SMSA",460,460,,,"Appleton-Oshkosh-Neenah, WI MSA",460,460,,,"Appleton-Oshkosh-Neenah, WI MSA"
470,,"Arecibo, PR SMSA",470,7442,470,,"Arecibo, PR PMSA",470,7442,470,,"Arecibo, PR PMSA"
480,,"Asheville, NC SMSA",480,480,,,"Asheville, NC MSA",480,480,,,"Asheville, NC MSA"
500,,"Athens, GA SMSA",500,500,,,"Athens, GA MSA",500,500,,,"Athens, GA MSA"
520,,"Atlanta, GA SMSA",520,520,,,"Atlanta, GA MSA",520,520,,,"Atlanta, GA MSA"
560,,"Atlantic City, NJ SMSA",560,6162,560,,"Atlantic-Cape May, NJ PMSA",560,6162,560,,"Atlantic-Cape May, NJ PMSA"
,,,580,580,,,"Auburn-Opelika, AL MSA",580,580,,,"Auburn-Opelika, AL MSA"
600,,"Augusta, GA-SC SMSA",600,600,,,"Augusta-Aiken, GA-SC MSA",600,600,,,"Augusta-Aiken, GA-SC MSA"
640,,"Austin, TX SMSA",640,640,,,"Austin-San Marcos, TX MSA",640,640,,,"Austin-San Marcos, TX MSA"
680,,"Bakersfield, CA SMSA",680,680,,,"Bakersfield, CA MSA",680,680,,,"Bakersfield, CA MSA"
720,,"Baltimore, MD SMSA",720,8872,720,,"Baltimore, MD PMSA",720,8872,720,,"Baltimore, MD PMSA"
730,,"Bangor, ME SMSA",730,730,,,"Bangor, ME MSA",730,730,,733,"Bangor, ME NECMA"
,,,740,740,,,"Barnstable-Yarmouth, MA MSA",740,740,,743,"Barnstable-Yarmouth, MA NECMA"
760,,"Baton Rouge, LA SMSA",760,760,,,"Baton Rouge, LA MSA",760,760,,,"Baton Rouge, LA MSA"
840,,"Beaumont-Port Arthur-Orange, TX SMSA",840,840,,,"Beaumont-Port Arthur, TX MSA",840,840,,,"Beaumont-Port Arthur, TX MSA"
860,,"Bellingham, WA SMSA",860,860,,,"Bellingham, WA MSA",860,860,,,"Bellingham, WA MSA"
870,,"Benton Harbor, MI SMSA",870,870,,,"Benton Harbor, MI MSA",870,870,,,"Benton Harbor, MI MSA"
6040,70,"Paterson-Clifton-Passaic, NJ SMSA",875,5602,875,,"Bergen-Passaic, NJ PMSA",875,5602,875,,"Bergen-Passaic, NJ PMSA"
880,,"Billings, MT SMSA",880,880,,,"Billings, MT MSA",880,880,,,"Billings, MT MSA"
920,,"Biloxi-Gulfport, MS SMSA",920,920,,,"Biloxi-Gulfport-Pascagoula, MS MSA",920,920,,,"Biloxi-Gulfport-Pascagoula, MS MSA"
6025,,"Pascagoula-Moss Point, MS SMSA",,,,,,920,920,,,"Biloxi-Gulfport-Pascagoula, MS MSA"
960,,"Binghamton, NY-PA SMSA",960,960,,,"Binghamton, NY MSA",960,960,,,"Binghamton, NY MSA"
1000,,"Birmingham, AL SMSA",1000,1000,,,"Birmingham, AL MSA",1000,1000,,,"Birmingham, AL MSA"
1010,,"Bismarck, ND SMSA",1010,1010,,,"Bismarck, ND MSA",1010,1010,,,"Bismarck, ND MSA"
1020,,"Bloomington, IN SMSA",1020,1020,,,"Bloomington, IN MSA",1020,1020,,,"Bloomington, IN MSA"
1040,,"Bloomington-Normal, IL SMSA",1040,1040,,,"Bloomington-Normal, IL MSA",1040,1040,,,"Bloomington-Normal, IL MSA"
1080,,"Boise City, ID SMSA",1080,1080,,,"Boise City, ID MSA",1080,1080,,,"Boise City, ID MSA"
1120,7,"Boston, MA SMSA",1120,1122,1120,,"Boston, MA-NH PMSA",1120,1122,1120,1123,"Boston-Worcester-Lawrence-Lowell-Brockton, MA-NH NECMA"
,,,1145,3362,1145,,"Brazoria, TX PMSA",1145,3362,1145,,"Brazoria, TX PMSA"
1150,,"Bremerton, WA SMSA",1150,7602,1150,,"Bremerton, WA PMSA",1150,7602,1150,,"Bremerton, WA PMSA"
1160,,"Bridgeport-Milford, CT SMSA",1160,5602,1160,,"Bridgeport, CT PMSA",1160,5602,1160,5483,"New Haven-Bridgeport-Stamford-Waterbury-Danbury, CT NECMA"
1200,7,"Brockton, MA SMSA",1200,1122,1200,,"Brockton, MA PMSA",1200,1122,1200,1123,"Boston-Worcester-Lawrence-Lowell-Brockton, MA-NH NECMA"
1240,,"Brownsville-Harlingen-San Benito, TX SMSA",1240,1240,,,"Brownsville-Harlingen-San Benito, TX MSA",1240,1240,,,"Brownsville-Harlingen-San Benito, TX MSA"
1260,,"Bryan-College Station, TX SMSA",1260,1260,,,"Bryan-College Station, TX MSA",1260,1260,,,"Bryan-College Station, TX MSA"
1280,,"Buffalo, NY SMSA",1280,1280,,,"Buffalo-Niagara Falls, NY MSA",1280,1280,,,"Buffalo-Niagara Falls, NY MSA"
1305,,"Burlington, VT SMSA",1305,1305,,,"Burlington, VT MSA",1305,1305,,1303,"Burlington, VT NECMA"
1310,87,"Caguas, PR SMSA",1310,7442,1310,,"Caguas, PR PMSA",1310,7442,1310,,"Caguas, PR PMSA"
1320,,"Canton, OH SMSA",1320,1320,,,"Canton-Massillon, OH MSA",1320,1320,,,"Canton-Massillon, OH MSA"
1350,,"Casper, WY SMSA",1350,1350,,,"Casper, WY MSA",1350,1350,,,"Casper, WY MSA"
1360,,"Cedar Rapids, IA SMSA",1360,1360,,,"Cedar Rapids, IA MSA",1360,1360,,,"Cedar Rapids, IA MSA"
1400,,"Champaign-Urbana-Rantoul, IL SMSA",1400,1400,,,"Champaign-Urbana, IL MSA",1400,1400,,,"Champaign-Urbana, IL MSA"
1440,,"Charleston-North Charleston, SC SMSA",1440,1440,,,"Charleston-North Charleston, SC MSA",1440,1440,,,"Charleston-North Charleston, SC MSA"
1480,,"Charleston, WV SMSA",1480,1480,,,"Charleston, WV MSA",1480,1480,,,"Charleston, WV MSA"
1520,,"Charlotte-Gastonia, NC SMSA",1520,1520,,,"Charlotte-Gastonia-Rock Hill, NC-SC MSA",1520,1520,,,"Charlotte-Gastonia-Rock Hill, NC-SC MSA"
6885,,"Rock Hill, SC SMSA",,,,,,1520,1520,,,"Charlotte-Gastonia-Rock Hill, NC-SC MSA"
7140,,"Salisbury-Concord, NC SMSA",,,,,,1520,1520,,,"Charlotte-Gastonia-Rock Hill, NC-SC MSA"
1540,,"Charlottesville, VA SMSA",1540,1540,,,"Charlottesville, VA MSA",1540,1540,,,"Charlottesville, VA MSA"
1560,,"Chattanooga, TN-GA SMSA",1560,1560,,,"Chattanooga, TN-GA MSA",1560,1560,,,"Chattanooga, TN-GA MSA"
,,,1580,1580,,,"Cheyenne, WY MSA",1580,1580,,,"Cheyenne, WY MSA"
1600,14,"Chicago, IL SMSA",1600,1602,1600,,"Chicago, IL PMSA",1600,1602,1600,,"Chicago, IL PMSA"
1620,,"Chico, CA SMSA",1620,1620,,,"Chico-Paradise, CA MSA",1620,1620,,,"Chico-Paradise, CA MSA"
1640,21,"Cincinnati, OH-KY-IN SMSA",1640,1642,1640,,"Cincinnati, OH-KY-IN PMSA",1640,1642,1640,,"Cincinnati, OH-KY-IN PMSA"
1660,,"Clarksville-Hopkinsville, TN-KY SMSA",1660,1660,,,"Clarksville-Hopkinsville, TN-KY MSA",1660,1660,,,"Clarksville-Hopkinsville, TN-KY MSA"
1680,28,"Cleveland, OH SMSA",1680,1692,1680,,"Cleveland-Lorain-Elyria, OH PMSA",1680,1692,1680,,"Cleveland-Lorain-Elyria, OH PMSA"
4440,28,"Lorain-Elyria, OH SMSA",,,,,,1680,1692,1680,,"Cleveland-Lorain-Elyria, OH PMSA"
1720,,"Colorado Springs, CO SMSA",1720,1720,,,"Colorado Springs, CO MSA",1720,1720,,,"Colorado Springs, CO MSA"
1740,,"Columbia, MO SMSA",1740,1740,,,"Columbia, MO MSA",1740,1740,,,"Columbia, MO MSA"
1760,,"Columbia, SC SMSA",1760,1760,,,"Columbia, SC MSA",1760,1760,,,"Columbia, SC MSA"
1800,,"Columbus, GA-AL SMSA",1800,1800,,,"Columbus, GA-AL MSA",1800,1800,,,"Columbus, GA-AL MSA"
1840,,"Columbus, OH SMSA",1840,1840,,,"Columbus, OH MSA",1840,1840,,,"Columbus, OH MSA"
5645,,"Newark, OH SMSA",,,,,,1840,1840,,,"Columbus, OH MSA"
1880,,"Corpus Christi, TX SMSA",1880,1880,,,"Corpus Christi, TX MSA",1880,1880,,,"Corpus Christi, TX MSA"
,,,1890,1890,,,"Corvallis, OR MSA",1890,1890,,,"Corvallis, OR MSA"
1900,,"Cumberland, MD-WV SMSA",1900,1900,,,"Cumberland, MD-WV MSA",1900,1900,,,"Cumberland, MD-WV MSA"
1920,,"Dallas-Fort Worth, TX SMSA",1920,1922,1920,,"Dallas, TX PMSA",1920,1922,1920,,"Dallas-Fort Worth, TX MMSA"
,,,2800,1922,2800,,"Fort Worth-Arlington, TX PMSA",1920,1922,1920,,"Dallas-Fort Worth, TX MMSA"
1930,,"Danbury, CT SMSA",1930,5602,1930,,"Danbury, CT PMSA",1930,5602,1930,5483,"New Haven-Bridgeport-Stamford-Waterbury-Danbury, CT NECMA"
1950,,"Danville, VA SMSA",1950,1950,,,"Danville, VA MSA",1950,1950,,,"Danville, VA MSA"
1960,,"Davenport-Rock Island-Moline, IA-IL SMSA",1960,1960,,,"Davenport-Moline-Rock Island, IA-IL MSA",1960,1960,,,"Davenport-Moline-Rock Island, IA-IL MSA"
2000,32,"Dayton, OH SMSA",2000,2000,,,"Dayton-Springfield, OH MSA",2000,2000,,,"Dayton-Springfield, OH MSA"
7960,32,"Springfield, OH SMSA",,,,,,2000,2000,,,"Dayton-Springfield, OH MSA"
2020,,"Daytona Beach, FL SMSA",2020,2020,,,"Daytona Beach, FL MSA",2020,2020,,,"Daytona Beach, FL MSA"
,,,2030,2030,,,"Decatur, AL MSA",2030,2030,,,"Decatur, AL MSA"
2040,,"Decatur, IL SMSA",2040,2040,,,"Decatur, IL MSA",2040,2040,,,"Decatur, IL MSA"
,,,1125,2082,1125,,"Boulder-Longmont, CO PMSA",2080,2082,2080,,Denver-Boulder MMSA
2080,,"Denver-Boulder, CO SMSA",2080,2082,2080,,"Denver, CO PMSA",2080,2082,2080,,Denver-Boulder MMSA
2120,,"Des Moines, IA SMSA",2120,2120,,,"Des Moines, IA MSA",2120,2120,,,"Des Moines, IA MSA"
2160,35,"Detroit, MI SMSA",2160,2162,2160,,"Detroit, MI PMSA",2160,2162,2160,,"Detroit, MI PMSA"
,,,2180,2180,,,"Dothan, AL MSA",2180,2180,,,"Dothan, AL MSA"
,,,2190,2190,,,"Dover, DE MSA",2190,2190,,,"Dover, DE MSA"
2200,,"Dubuque, IA SMSA",2200,2200,,,"Dubuque, IA MSA",2200,2200,,,"Dubuque, IA MSA"
2240,,"Duluth-Superior, MN-WI SMSA",2240,2240,,,"Duluth-Superior, MN-WI MSA",2240,2240,,,"Duluth-Superior, MN-WI MSA"
6460,,"Poughkeepsie, NY SMSA",2281,5602,2281,,"Dutchess County, NY PMSA",2281,5602,2281,,"Dutchess County, NY PMSA"
2290,,"Eau Claire, WI SMSA",2290,2290,,,"Eau Claire, WI MSA",2290,2290,,,"Eau Claire, WI MSA"
2320,,"El Paso, TX SMSA",2320,2320,,,"El Paso, TX MSA",2320,2320,,,"El Paso, TX MSA"
2330,,"Elkhart, IN SMSA",2330,2330,,,"Elkhart-Goshen, IN MSA",2330,2330,,,"Elkhart-Goshen, IN MSA"
2335,,"Elmira, NY SMSA",2335,2335,,,"Elmira, NY MSA",2335,2335,,,"Elmira, NY MSA"
2340,,"Enid, OK SMSA",2340,2340,,,"Enid, OK MSA",2340,2340,,,"Enid, OK MSA"
2360,,"Erie, PA SMSA",2360,2360,,,"Erie, PA MSA",2360,2360,,,"Erie, PA MSA"
2400,,"Eugene-Springfield, OR SMSA",2400,2400,,,"Eugene-Springfield, OR MSA",2400,2400,,,"Eugene-Springfield, OR MSA"
2440,,"Evansville, IN-KY SMSA",2440,2440,,,"Evansville-Henderson, IN-KY MSA",2440,2440,,,"Evansville-Henderson, IN-KY MSA"
2520,,"Fargo-Moorhead, ND-MN SMSA",2520,2520,,,"Fargo-Moorhead, ND-MN MSA",2520,2520,,,"Fargo-Moorhead, ND-MN MSA"
2560,,"Fayetteville, NC SMSA",2560,2560,,,"Fayetteville, NC MSA",2560,2560,,,"Fayetteville, NC MSA"
2580,,"Fayetteville-Springdale, AR SMSA",2580,2580,,,"Fayetteville-Springdale-Rogers, AR MSA",2580,2580,,,"Fayetteville-Springdale-Rogers, AR MSA"
2600,,"Fitchburg-Leominster, MA SMSA",2600,1122,2600,,"Fitchburg-Leominster, MA PMSA",2600,1122,2600,,"Fitchburg-Leominster, MA PMSA"
,,,2620,2620,,,"Flagstaff, AZ-UT MSA",2620,2620,,,"Flagstaff, AZ-UT MSA"
2640,,"Flint, MI SMSA",2640,2162,2640,,"Flint, MI PMSA",2640,2162,2640,,"Flint, MI PMSA"
2650,,"Florence, AL SMSA",2650,2650,,,"Florence, AL MSA",2650,2650,,,"Florence, AL MSA"
2655,,"Florence, SC SMSA",2655,2655,,,"Florence, SC MSA",2655,2655,,,"Florence, SC MSA"
2670,,"Fort Collins, CO SMSA",2670,2670,,,"Fort Collins-Loveland, CO MSA",2670,2670,,,"Fort Collins-Loveland, CO MSA"
2680,56,"Fort Lauderdale-Hollywood, FL SMSA",2680,4992,2680,,"Fort Lauderdale, FL PMSA",2680,4992,2680,,"Fort Lauderdale, FL PMSA"
2700,,"Fort Myers-Cape Coral, FL SMSA",2700,2700,,,"Fort Myers-Cape Coral, FL MSA",2700,2700,,,"Fort Myers-Cape Coral, FL MSA"
,,,2710,2710,,,"Fort Pierce-Port St. Lucie, FL MSA",2710,2710,,,"Fort Pierce-Port St. Lucie, FL MSA"
2720,,"Fort Smith, AR-OK SMSA",2720,2720,,,"Fort Smith, AR-OK MSA",2720,2720,,,"Fort Smith, AR-OK MSA"
2750,,"Fort Walton Beach, FL SMSA",2750,2750,,,"Fort Walton Beach, FL MSA",2750,2750,,,"Fort Walton Beach, FL MSA"
2760,,"Fort Wayne, IN SMSA",2760,2760,,,"Fort Wayne, IN MSA",2760,2760,,,"Fort Wayne, IN MSA"
2840,,"Fresno, CA SMSA",2840,2840,,,"Fresno, CA MSA",2840,2840,,,"Fresno, CA MSA"
2880,,"Gadsden, AL SMSA",2880,2880,,,"Gadsden, AL MSA",2880,2880,,,"Gadsden, AL MSA"
2900,,"Gainesville, FL SMSA",2900,2900,,,"Gainesville, FL MSA",2900,2900,,,"Gainesville, FL MSA"
2920,42,"Galveston-Texas City, TX SMSA",2920,3362,2920,,"Galveston-Texas City, TX PMSA",2920,3362,2920,,"Galveston-Texas City, TX PMSA"
2960,14,"Gary-Hammond-East Chicago, IN SMSA",2960,1602,2960,,"Gary, IN PMSA",2960,1602,2960,,"Gary, IN PMSA"
2975,,"Glens Falls, NY SMSA",2975,2975,,,"Glens Falls, NY MSA",2975,2975,,,"Glens Falls, NY MSA"
,,,2980,2980,,,"Goldsboro, NC MSA",2980,2980,,,"Goldsboro, NC MSA"
2985,,"Grand Forks, ND-MN SMSA",2985,2985,,,"Grand Forks, ND-MN MSA",2985,2985,,,"Grand Forks, ND-MN MSA"
,,,2995,2995,,,"Grand Junction, CO MSA",2995,2995,,,"Grand Junction, CO MSA"
3000,,"Grand Rapids, MI SMSA",3000,3000,,,"Grand Rapids-Muskegon-Holland, MI MSA",3000,3000,,,"Grand Rapids-Muskegon-Holland, MI MSA"
5320,,"Muskegon-Norton Shores-Muskegon Heights, MI SMSA",,,,,,3000,3000,,,"Grand Rapids-Muskegon-Holland, MI MSA"
3040,,"Great Falls, MT SMSA",3040,3040,,,"Great Falls, MT MSA",3040,3040,,,"Great Falls, MT MSA"
3060,,"Greeley, CO SMSA",3060,2082,3060,,"Greeley, CO PMSA",3060,2082,3060,,"Greeley, CO PMSA"
3080,,"Green Bay, WI SMSA",3080,3080,,,"Green Bay, WI MSA",3080,3080,,,"Green Bay, WI MSA"
1300,,"Burlington, NC SMSA",3120,3120,,,"Greensboro--Winston-Salem--High Point, NC MSA",3120,3120,,,"Greensboro--Winston-Salem--High Point, NC MSA"
3120,,"Greensboro--Winston-Salem--High Point, NC SMSA",,,,,,3120,3120,,,"Greensboro--Winston-Salem--High Point, NC MSA"
,,,3150,3150,,,"Greenville, NC MSA",3150,3150,,,"Greenville, NC MSA"
405,,"Anderson, SC SMSA",3160,3160,,,"Greenville-Spartanburg-Anderson, SC MSA",3160,3160,,,"Greenville-Spartanburg-Anderson, SC MSA"
3160,,"Greenville-Spartanburg, SC SMSA",,,,,,3160,3160,,,"Greenville-Spartanburg-Anderson, SC MSA"
3180,,"Hagerstown, MD SMSA",3180,8872,3180,,"Hagerstown, MD PMSA",3180,8872,3180,,"Hagerstown, MD PMSA"
3200,21,"Hamilton-Middletown, OH SMSA",3200,1642,3200,,"Hamilton-Middletown, OH PMSA",3200,1642,3200,,"Hamilton-Middletown, OH PMSA"
3240,,"Harrisburg, PA SMSA",3240,3240,,,"Harrisburg-Lebanon-Carlisle, PA MSA",3240,3240,,,"Harrisburg-Lebanon-Carlisle, PA MSA"
1170,,"Bristol, CT SMSA",3280,3280,,,"Hartford, CT MSA",3280,3280,,3283,"Hartford, CT NECMA"
3280,,"Hartford, CT SMSA",,,,,,3280,3280,,3283,"Hartford, CT NECMA"
5440,,"New Britain, CT SMSA",,,,,,3280,3280,,3283,"Hartford, CT NECMA"
,,,3285,3285,,,"Hattiesburg, MS MSA",3285,3285,,,"Hattiesburg, MS MSA"
3290,,"Hickory, NC SMSA",3290,3290,,,"Hickory-Morganton-Lenoir, NC MSA",3290,3290,,,"Hickory-Morganton-Lenoir, NC MSA"
3320,,"Honolulu, HI SMSA",3320,3320,,,"Honolulu, HI MSA",3320,3320,,,"Honolulu, HI MSA"
,,,3350,3350,,,"Houma, LA MSA",3350,3350,,,"Houma, LA MSA"
3360,42,"Houston, TX SMSA",3360,3362,3360,,"Houston, TX PMSA",3360,3362,3360,,"Houston, TX PMSA"
3400,,"Huntington-Ashland, WV-KY-OH SMSA",3400,3400,,,"Huntington-Ashland, WV-KY-OH MSA",3400,3400,,,"Huntington-Ashland, WV-KY-OH MSA"
3440,,"Huntsville, AL SMSA",3440,3440,,,"Huntsville, AL MSA",3440,3440,,,"Huntsville, AL MSA"
400,44,"Anderson, IN SMSA",3480,3480,,,"Indianapolis, IN MSA",3480,3480,,,"Indianapolis, IN MSA"
3480,44,"Indianapolis, IN SMSA",,,,,,3480,3480,,,"Indianapolis, IN MSA"
3500,,"Iowa City, IA SMSA",3500,3500,,,"Iowa City, IA MSA",3500,3500,,,"Iowa City, IA MSA"
3520,,"Jackson, MI SMSA",3520,3520,,,"Jackson, MI MSA",3520,3520,,,"Jackson, MI MSA"
3560,,"Jackson, MS SMSA",3560,3560,,,"Jackson, MS MSA",3560,3560,,,"Jackson, MS MSA"
,,,3580,3580,,,"Jackson, TN MSA",3580,3580,,,"Jackson, TN MSA"
3600,,"Jacksonville, FL SMSA",3600,3600,,,"Jacksonville, FL MSA",3600,3600,,,"Jacksonville, FL MSA"
3605,,"Jacksonville, NC SMSA",3605,3605,,,"Jacksonville, NC MSA",3605,3605,,,"Jacksonville, NC MSA"
,,,3610,3610,,,"Jamestown, NY MSA",3610,3610,,,"Jamestown, NY MSA"
3620,,"Janesville-Beloit, WI SMSA",3620,3620,,,"Janesville-Beloit, WI MSA",3620,3620,,,"Janesville-Beloit, WI MSA"
3640,70,"Jersey City, NJ SMSA",3640,5602,3640,,"Jersey City, NJ PMSA",3640,5602,3640,,"Jersey City, NJ PMSA"
3660,,"Johnson City-Kingsport-Bristol, TN-VA SMSA",3660,3660,,,"Johnson City-Kingsport-Bristol, TN-VA MSA",3660,3660,,,"Johnson City-Kingsport-Bristol, TN-VA MSA"
3680,,"Johnstown, PA SMSA",3680,3680,,,"Johnstown, PA MSA",3680,3680,,,"Johnstown, PA MSA"
,,,3700,3700,,,"Jonesboro, AR MSA",3700,3700,,,"Jonesboro, AR MSA"
3710,,"Joplin, MO SMSA",3710,3710,,,"Joplin, MO MSA",3710,3710,,,"Joplin, MO MSA"
780,,"Battle Creek, MI SMSA",3720,3720,,,"Kalamazoo-Battle Creek, MI MSA",3720,3720,,,"Kalamazoo-Battle Creek, MI MSA"
3720,,"Kalamazoo-Portage, MI SMSA",,,,,,3720,3720,,,"Kalamazoo-Battle Creek, MI MSA"
,,,3740,1602,3740,,"Kankakee, IL PMSA",3740,1602,3740,,"Kankakee, IL PMSA"
3760,,"Kansas City, MO-KS SMSA",3760,3760,,,"Kansas City, MO-KS MSA",3760,3760,,,"Kansas City, MO-KS MSA"
3800,14,"Kenosha, WI SMSA",3800,1602,3800,,"Kenosha, WI PMSA",3800,1602,3800,,"Kenosha, WI PMSA"
3810,,"Killeen-Temple, TX SMSA",3810,3810,,,"Killeen-Temple, TX MSA",3810,3810,,,"Killeen-Temple, TX MSA"
3840,,"Knoxville, TN SMSA",3840,3840,,,"Knoxville, TN MSA",3840,3840,,,"Knoxville, TN MSA"
3850,,"Kokomo, IN SMSA",3850,3850,,,"Kokomo, IN MSA",3850,3850,,,"Kokomo, IN MSA"
3870,,"La Crosse, WI SMSA",3870,3870,,,"La Crosse, WI-MN MSA",3870,3870,,,"La Crosse, WI-MN MSA"
3880,,"Lafayette, LA SMSA",3880,3880,,,"Lafayette, LA MSA",3880,3880,,,"Lafayette, LA MSA"
3920,,"Lafayette-West Lafayette, IN SMSA",3920,3920,,,"Lafayette, IN MSA",3920,3920,,,"Lafayette, IN MSA"
3960,,"Lake Charles, LA SMSA",3960,3960,,,"Lake Charles, LA MSA",3960,3960,,,"Lake Charles, LA MSA"
3980,,"Lakeland-Winter Haven, FL SMSA",3980,3980,,,"Lakeland-Winter Haven, FL MSA",3980,3980,,,"Lakeland-Winter Haven, FL MSA"
4000,,"Lancaster, PA SMSA",4000,4000,,,"Lancaster, PA MSA",4000,4000,,,"Lancaster, PA MSA"
4040,,"Lansing-East Lansing, MI SMSA",4040,4040,,,"Lansing-East Lansing, MI MSA",4040,4040,,,"Lansing-East Lansing, MI MSA"
4080,,"Laredo, TX SMSA",4080,4080,,,"Laredo, TX MSA",4080,4080,,,"Laredo, TX MSA"
4100,,"Las Cruces, NM SMSA",4100,4100,,,"Las Cruces, NM MSA",4100,4100,,,"Las Cruces, NM MSA"
4120,,"Las Vegas, NV SMSA",4120,4120,,,"Las Vegas, NV-AZ MSA",4120,4120,,,"Las Vegas, NV-AZ MSA"
4150,,"Lawrence, KS SMSA",4150,4150,,,"Lawrence, KS MSA",4150,4150,,,"Lawrence, KS MSA"
4160,7,"Lawrence-Haverhill, MA-NH SMSA",4160,1122,4160,,"Lawrence, MA-NH PMSA",4160,1122,4160,1123,"Boston-Worcester-Lawrence-Lowell-Brockton, MA-NH NECMA"
4200,,"Lawton, OK SMSA",4200,4200,,,"Lawton, OK MSA",4200,4200,,,"Lawton, OK MSA"
4240,,"Lewiston-Auburn, ME SMSA",4240,4240,,,"Lewiston-Auburn, ME MSA",4240,4240,,4243,"Lewiston-Auburn, ME NECMA"
4280,,"Lexington-Fayette, KY SMSA",4280,4280,,,"Lexington, KY MSA",4280,4280,,,"Lexington, KY MSA"
4320,,"Lima, OH SMSA",4320,4320,,,"Lima, OH MSA",4320,4320,,,"Lima, OH MSA"
4360,,"Lincoln, NE SMSA",4360,4360,,,"Lincoln, NE MSA",4360,4360,,,"Lincoln, NE MSA"
4400,,"Little Rock-North Little Rock, AR SMSA",4400,4400,,,"Little Rock-North Little Rock, AR MSA",4400,4400,,,"Little Rock-North Little Rock, AR MSA"
4420,,"Longview-Marshall, TX SMSA",4420,4420,,,"Longview-Marshall, TX MSA",4420,4420,,,"Longview-Marshall, TX MSA"
4480,49,"Los Angeles-Long Beach, CA SMSA",4480,4472,4480,,"Los Angeles-Long Beach, CA PMSA",4480,4472,4480,,"Los Angeles-Long Beach, CA PMSA"
4520,,"Louisville, KY-IN SMSA",4520,4520,,,"Louisville, KY-IN MSA",4520,4520,,,"Louisville, KY-IN MSA"
4560,7,"Lowell, MA-NH SMSA",4560,1122,4560,,"Lowell, MA-NH PMSA",4560,1122,4560,1123,"Boston-Worcester-Lawrence-Lowell-Brockton, MA-NH NECMA"
4600,,"Lubbock, TX SMSA",4600,4600,,,"Lubbock, TX MSA",4600,4600,,,"Lubbock, TX MSA"
4640,,"Lynchburg, VA SMSA",4640,4640,,,"Lynchburg, VA MSA",4640,4640,,,"Lynchburg, VA MSA"
4680,,"Macon, GA SMSA",4680,4680,,,"Macon, GA MSA",4680,4680,,,"Macon, GA MSA"
4720,,"Madison, WI SMSA",4720,4720,,,"Madison, WI MSA",4720,4720,,,"Madison, WI MSA"
4760,,"Manchester, NH SMSA",4760,1122,4760,,"Manchester, NH PMSA",4760,1122,4760,,"Manchester, NH PMSA"
4800,,"Mansfield, OH SMSA",4800,4800,,,"Mansfield, OH MSA",4800,4800,,,"Mansfield, OH MSA"
4840,,"Mayaguez, PR SMSA",4840,4840,,,"Mayaguez, PR MSA",4840,4840,,,"Mayaguez, PR MSA"
4880,,"McAllen-Pharr-Edinburg, TX SMSA",4880,4880,,,"McAllen-Edinburg-Mission, TX MSA",4880,4880,,,"McAllen-Edinburg-Mission, TX MSA"
4890,,"Medford, OR SMSA",4890,4890,,,"Medford-Ashland, OR MSA",4890,4890,,,"Medford-Ashland, OR MSA"
4900,,"Melbourne-Titusville-Cocoa, FL SMSA",4900,4900,,,"Melbourne-Titusville-Palm Bay, FL MSA",4900,4900,,,"Melbourne-Titusville-Palm Bay, FL MSA"
4920,,"Memphis, TN-AR-MS SMSA",4920,4920,,,"Memphis, TN-AR-MS MSA",4920,4920,,,"Memphis, TN-AR-MS MSA"
,,,4940,4940,,,"Merced, CA MSA",4940,4940,,,"Merced, CA MSA"
5000,56,"Miami, FL SMSA",5000,4992,5000,,"Miami, FL PMSA",5000,4992,5000,,"Miami, FL PMSA"
5460,70,"New Brunswick-Perth Amboy-Sayreville, NJ SMSA",5015,5602,5015,,"Middlesex-Somerset-Hunterdon, NJ PMSA",5015,5602,5015,,"Middlesex-Somerset-Hunterdon, NJ PMSA"
5080,63,"Milwaukee, WI SMSA",5080,5082,5080,,"Milwaukee-Waukesha, WI PMSA",5080,5082,5080,,"Milwaukee-Waukesha, WI PMSA"
5120,,"Minneapolis-St. Paul, MN-WI SMSA",5120,5120,,,"Minneapolis-St. Paul, MN-WI MSA",5120,5120,,,"Minneapolis-St. Paul, MN-WI MSA"
,,,5140,5140,,,"Missoula, MT MSA",5140,5140,,,"Missoula, MT MSA"
5160,,"Mobile, AL SMSA",5160,5160,,,"Mobile, AL MSA",5160,5160,,,"Mobile, AL MSA"
5170,,"Modesto, CA SMSA",5170,5170,,,"Modesto, CA MSA",5170,5170,,,"Modesto, CA MSA"
4410,70,"Long Branch-Asbury Park, NJ SMSA",5190,5602,5190,,"Monmouth-Ocean, NJ PMSA",5190,5602,5190,,"Monmouth-Ocean, NJ PMSA"
5200,,"Monroe, LA SMSA",5200,5200,,,"Monroe, LA MSA",5200,5200,,,"Monroe, LA MSA"
5240,,"Montgomery, AL SMSA",5240,5240,,,"Montgomery, AL MSA",5240,5240,,,"Montgomery, AL MSA"
5280,,"Muncie, IN SMSA",5280,5280,,,"Muncie, IN MSA",5280,5280,,,"Muncie, IN MSA"
,,,5330,5330,,,"Myrtle Beach, SC MSA",5330,5330,,,"Myrtle Beach, SC MSA"
,,,5345,5345,,,"Naples, FL MSA",5345,5345,,,"Naples, FL MSA"
5350,,"Nashua, NH SMSA",5350,1122,5350,,"Nashua, NH PMSA",5350,1122,5350,,"Nashua, NH PMSA"
5360,,"Nashville-Davidson, TN SMSA",5360,5360,,,"Nashville, TN MSA",5360,5360,,,"Nashville, TN MSA"
5380,70,"Nassau-Suffolk, NY SMSA",5380,5602,5380,,"Nassau-Suffolk, NY PMSA",5380,5602,5380,,"Nassau-Suffolk, NY PMSA"
5400,,"New Bedford, MA SMSA",5400,1122,5400,,"New Bedford, MA PMSA",5400,1122,5400,,"New Bedford, MA PMSA"
4960,,"Meriden, CT SMSA",5480,5602,5480,,"New Haven-Meriden, CT PMSA",5480,5602,5480,,"New Haven-Meriden, CT PMSA"
5480,,"New Haven-West Haven, CT SMSA",,,,,,5480,5602,5480,5483,"New Haven-Bridgeport-Stamford-Waterbury-Danbury, CT NECMA"
5520,,"New London-Norwich, CT-RI SMSA",5520,5520,,,"New London-Norwich, CT-RI MSA",5520,5520,,5523,"New London-Norwich, CT NECMA"
5560,,"New Orleans, LA SMSA",5560,5560,,,"New Orleans, LA MSA",5560,5560,,,"New Orleans, LA MSA"
5600,70,"New York, NY-NJ SMSA",5600,5602,5600,,"New York, NY PMSA",5600,5602,5600,,"New York, NY PMSA"
5640,70,"Newark, NJ SMSA",5640,5602,5640,,"Newark, NJ PMSA",5640,5602,5640,,"Newark, NJ PMSA"
5660,,"Newburgh-Middletown, NY SMSA",5660,5602,5660,,"Newburgh, NY-PA PMSA",5660,5602,5660,,"Newburgh, NY-PA PMSA"
5680,,"Newport News-Hampton, VA SMSA",5720,5720,,,"Norfolk-Virginia Beach-Newport News, VA-NC MSA",5720,5720,,,"Norfolk-Virginia Beach-Newport News, VA-NC MSA"
5720,,"Norfolk-Virginia Beach-Portsmouth, VA-NC SMSA",,,,,,5720,5720,,,"Norfolk-Virginia Beach-Newport News, VA-NC MSA"
5790,,"Ocala, FL SMSA",5790,5790,,,"Ocala, FL MSA",5790,5790,,,"Ocala, FL MSA"
5040,,"Midland, TX SMSA",5800,5800,,,"Odessa-Midland, TX MSA",5800,5800,,,"Odessa-Midland, TX MSA"
5800,,"Odessa, TX SMSA",,,,,,5800,5800,,,"Odessa-Midland, TX MSA"
5880,,"Oklahoma City, OK SMSA",5880,5880,,,"Oklahoma City, OK MSA",5880,5880,,,"Oklahoma City, OK MSA"
5910,,"Olympia, WA SMSA",5910,7602,5910,,"Olympia, WA PMSA",5910,7602,5910,,"Olympia, WA PMSA"
5920,,"Omaha, NE-IA SMSA",5920,5920,,,"Omaha, NE-IA MSA",5920,5920,,,"Omaha, NE-IA MSA"
360,49,"Anaheim-Santa Ana-Garden Grove, CA SMSA",5945,4472,5945,,"Orange County, CA PMSA",5945,4472,5945,,"Orange County, CA PMSA"
5960,,"Orlando, FL SMSA",5960,5960,,,"Orlando, FL MSA",5960,5960,,,"Orlando, FL MSA"
5990,,"Owensboro, KY SMSA",5990,5990,,,"Owensboro, KY MSA",5990,5990,,,"Owensboro, KY MSA"
6015,,"Panama City, FL SMSA",6015,6015,,,"Panama City, FL MSA",6015,6015,,,"Panama City, FL MSA"
6020,,"Parkersburg-Marietta, WV-OH SMSA",6020,6020,,,"Parkersburg-Marietta, WV-OH MSA",6020,6020,,,"Parkersburg-Marietta, WV-OH MSA"
6080,,"Pensacola, FL SMSA",6080,6080,,,"Pensacola, FL MSA",6080,6080,,,"Pensacola, FL MSA"
6120,,"Peoria, IL SMSA",6120,6120,,,"Peoria-Pekin, IL MSA",6120,6120,,,"Peoria-Pekin, IL MSA"
6160,77,"Philadelphia, PA-NJ SMSA",6160,6162,6160,,"Philadelphia, PA-NJ PMSA",6160,6162,6160,,"Philadelphia, PA-NJ PMSA"
6200,,"Phoenix, AZ SMSA",6200,6200,,,"Phoenix-Mesa, AZ MSA",6200,6200,,,"Phoenix-Mesa, AZ MSA"
6240,,"Pine Bluff, AR SMSA",6240,6240,,,"Pine Bluff, AR MSA",6240,6240,,,"Pine Bluff, AR MSA"
6280,,"Pittsburgh, PA SMSA",6280,6280,,,"Pittsburgh, PA MSA",6280,6280,,,"Pittsburgh, PA MSA"
6320,,"Pittsfield, MA SMSA",6320,6320,,,"Pittsfield, MA MSA",6320,6320,,6323,"Pittsfield, MA NECMA"
,,,6340,6340,,,"Pocatello, ID MSA",6340,6340,,,"Pocatello, ID MSA"
6360,,"Ponce, PR SMSA",6360,6360,,,"Ponce, PR MSA",6360,6360,,,"Ponce, PR MSA"
6400,,"Portland, ME SMSA",6400,6400,,,"Portland, ME MSA",6400,6400,,6403,"Portland, ME NECMA"
6440,,"Portland, OR-WA SMSA",6440,6442,6440,,"Portland-Vancouver, OR-WA PMSA",6440,6442,6440,,"Portland-Vancouver, OR-WA PMSA"
6450,,"Portsmouth-Dover-Rochester, NH-ME SMSA",6450,1122,6450,,"Portsmouth-Rochester, NH-ME PMSA",6450,1122,6450,,"Portsmouth-Rochester, NH-ME PMSA"
2480,80,"Fall River, MA-RI SMSA",6480,6480,,,"Providence-Fall River-Warwick, RI-MA MSA",6480,6480,,6483,"Providence-Warwick-Pawtucket, RI NECMA"
6480,80,"Providence-Warwick-Pawtucket, RI-MA SMSA",,,,,,6480,6480,,6483,"Providence-Warwick-Pawtucket, RI NECMA"
6520,,"Provo-Orem, UT SMSA",6520,6520,,,"Provo-Orem, UT MSA",6520,6520,,,"Provo-Orem, UT MSA"
6560,,"Pueblo, CO SMSA",6560,6560,,,"Pueblo, CO MSA",6560,6560,,,"Pueblo, CO MSA"
,,,6580,6580,,,"Punta Gorda, FL MSA",6580,6580,,,"Punta Gorda, FL MSA"
6600,63,"Racine, WI SMSA",6600,5082,6600,,"Racine, WI PMSA",6600,5082,6600,,"Racine, WI PMSA"
6640,,"Raleigh-Durham, NC SMSA",6640,6640,,,"Raleigh-Durham-Chapel Hill, NC MSA",6640,6640,,,"Raleigh-Durham-Chapel Hill, NC MSA"
,,,6660,6660,,,"Rapid City, SD MSA",6660,6660,,,"Rapid City, SD MSA"
6680,,"Reading, PA SMSA",6680,6680,,,"Reading, PA MSA",6680,6680,,,"Reading, PA MSA"
6690,,"Redding, CA SMSA",6690,6690,,,"Redding, CA MSA",6690,6690,,,"Redding, CA MSA"
6720,,"Reno, NV SMSA",6720,6720,,,"Reno, NV MSA",6720,6720,,,"Reno, NV MSA"
6740,,"Richland-Kennewick-Pasco, WA SMSA",6740,6740,,,"Richland-Kennewick-Pasco, WA MSA",6740,6740,,,"Richland-Kennewick-Pasco, WA MSA"
6140,,"Petersburg-Colonial Heights-Hopewell, VA SMSA",6760,6760,,,"Richmond-Petersburg, VA MSA",6760,6760,,,"Richmond-Petersburg, VA MSA"
6760,,"Richmond, VA SMSA",,,,,,6760,6760,,,"Richmond-Petersburg, VA MSA"
6780,49,"Riverside-San Bernardino-Ontario, CA SMSA",6780,4472,6780,,"Riverside-San Bernardino, CA PMSA",6780,4472,6780,,"Riverside-San Bernardino, CA PMSA"
6800,,"Roanoke, VA SMSA",6800,6800,,,"Roanoke, VA MSA",6800,6800,,,"Roanoke, VA MSA"
6820,,"Rochester, MN SMSA",6820,6820,,,"Rochester, MN MSA",6820,6820,,,"Rochester, MN MSA"
6840,,"Rochester, NY SMSA",6840,6840,,,"Rochester, NY MSA",6840,6840,,,"Rochester, NY MSA"
6880,,"Rockford, IL SMSA",6880,6880,,,"Rockford, IL MSA",6880,6880,,,"Rockford, IL MSA"
,,,6895,6895,,,"Rocky Mount, NC MSA",6895,6895,,,"Rocky Mount, NC MSA"
6920,,"Sacramento, CA SMSA",6920,6922,6920,,"Sacramento, CA PMSA",6920,6922,6920,,"Sacramento, CA PMSA"
800,,"Bay City, MI SMSA",6960,6960,,,"Saginaw-Bay City-Midland, MI MSA",6960,6960,,,"Saginaw-Bay City-Midland, MI MSA"
6960,,"Saginaw, MI SMSA",,,,,,6960,6960,,,"Saginaw-Bay City-Midland, MI MSA"
6980,,"St. Cloud, MN SMSA",6980,6980,,,"St. Cloud, MN MSA",6980,6980,,,"St. Cloud, MN MSA"
7000,,"St. Joseph, MO SMSA",7000,7000,,,"St. Joseph, MO MSA",7000,7000,,,"St. Joseph, MO MSA"
7040,,"St. Louis, MO-IL SMSA",7040,7040,,,"St. Louis, MO-IL MSA",7040,7040,,,"St. Louis, MO-IL MSA"
7080,,"Salem, OR SMSA",7080,6442,7080,,"Salem, OR PMSA",7080,6442,7080,,"Salem, OR PMSA"
7120,,"Salinas-Seaside-Monterey, CA SMSA",7120,7120,,,"Salinas, CA MSA",7120,7120,,,"Salinas, CA MSA"
7160,,"Salt Lake City-Ogden, UT SMSA",7160,7160,,,"Salt Lake City-Ogden, UT MSA",7160,7160,,,"Salt Lake City-Ogden, UT MSA"
7200,,"San Angelo, TX SMSA",7200,7200,,,"San Angelo, TX MSA",7200,7200,,,"San Angelo, TX MSA"
7240,,"San Antonio, TX SMSA",7240,7240,,,"San Antonio, TX MSA",7240,7240,,,"San Antonio, TX MSA"
7320,,"San Diego, CA SMSA",7320,7320,,,"San Diego, CA MSA",7320,7320,,,"San Diego, CA MSA"
,,,5775,7362,5775,,"Oakland, CA PMSA",7360,7362,7360,,"San Francisco-Oakland, CA MMSA"
7360,84,"San Francisco-Oakland, CA SMSA",7360,7362,7360,,"San Francisco, CA PMSA",7360,7362,7360,,"San Francisco-Oakland, CA MMSA"
7400,84,"San Jose, CA SMSA",7400,7362,7400,,"San Jose, CA PMSA",7400,7362,7400,,"San Jose, CA PMSA"
7440,87,"San Juan, PR SMSA",7440,7442,7440,,"San Juan-Bayamon, PR PMSA",7440,7442,7440,,"San Juan-Bayamon, PR PMSA"
,,,7460,7460,,,"San Luis Obispo-Atascadero-Paso Robles, CA MSA",7460,7460,,,"San Luis Obispo-Atascadero-Paso Robles, CA MSA"
7480,,"Santa Barbara-Santa Maria-Lompoc, CA SMSA",7480,7480,,,"Santa Barbara-Santa Maria-Lompoc, CA MSA",7480,7480,,,"Santa Barbara-Santa Maria-Lompoc, CA MSA"
7485,,"Santa Cruz, CA SMSA",7485,7362,7485,,"Santa Cruz-Watsonville, CA PMSA",7485,7362,7485,,"Santa Cruz-Watsonville, CA PMSA"
,,,7490,7490,,,"Santa Fe, NM MSA",7490,7490,,,"Santa Fe, NM MSA"
7500,84,"Santa Rosa, CA SMSA",7500,7362,7500,,"Santa Rosa, CA PMSA",7500,7362,7500,,"Santa Rosa, CA PMSA"
1140,,"Bradenton, FL SMSA",7510,7510,,,"Sarasota-Bradenton, FL MSA",7510,7510,,,"Sarasota-Bradenton, FL MSA"
7510,,"Sarasota, FL SMSA",,,,,,7510,7510,,,"Sarasota-Bradenton, FL MSA"
7520,,"Savannah, GA SMSA",7520,7520,,,"Savannah, GA MSA",7520,7520,,,"Savannah, GA MSA"
5745,,Northeast Pennsylvania SMSA,7560,7560,,,"Scranton--Wilkes-Barre--Hazleton, PA MSA",7560,7560,,,"Scranton--Wilkes-Barre--Hazleton, PA MSA"
7600,91,"Seattle-Everett, WA SMSA",7600,7602,7600,,"Seattle-Bellevue-Everett, WA PMSA",7600,7602,7600,,"Seattle-Bellevue-Everett, WA PMSA"
7610,,"Sharon, PA SMSA",7610,7610,,,"Sharon, PA MSA",7610,7610,,,"Sharon, PA MSA"
7620,,"Sheboygan, WI SMSA",7620,7620,,,"Sheboygan, WI MSA",7620,7620,,,"Sheboygan, WI MSA"
7640,,"Sherman-Denison, TX SMSA",7640,7640,,,"Sherman-Denison, TX MSA",7640,7640,,,"Sherman-Denison, TX MSA"
7680,,"Shreveport, LA SMSA",7680,7680,,,"Shreveport-Bossier City, LA MSA",7680,7680,,,"Shreveport-Bossier City, LA MSA"
7720,,"Sioux City, IA-NE SMSA",7720,7720,,,"Sioux City, IA-NE MSA",7720,7720,,,"Sioux City, IA-NE MSA"
7760,,"Sioux Falls, SD SMSA",7760,7760,,,"Sioux Falls, SD MSA",7760,7760,,,"Sioux Falls, SD MSA"
7800,,"South Bend, IN SMSA",7800,7800,,,"South Bend, IN MSA",7800,7800,,,"South Bend, IN MSA"
7840,,"Spokane, WA SMSA",7840,7840,,,"Spokane, WA MSA",7840,7840,,,"Spokane, WA MSA"
7880,,"Springfield, IL SMSA",7880,7880,,,"Springfield, IL MSA",7880,7880,,,"Springfield, IL MSA"
7920,,"Springfield, MO SMSA",7920,7920,,,"Springfield, MO MSA",7920,7920,,,"Springfield, MO MSA"
8000,,"Springfield-Chicopee-Holyoke, MA-CT SMSA",8000,8000,,,"Springfield, MA MSA",8000,8000,,8003,"Springfield, MA NECMA"
5760,70,"Norwalk, CT SMSA",8040,5602,8040,,"Stamford-Norwalk, CT PMSA",8040,5602,8040,,"Stamford-Norwalk, CT PMSA"
8040,70,"Stamford, CT SMSA",,,,,,8040,5602,8040,5483,"New Haven-Bridgeport-Stamford-Waterbury-Danbury, CT NECMA"
8050,,"State College, PA SMSA",8050,8050,,,"State College, PA MSA",8050,8050,,,"State College, PA MSA"
8080,,"Steubenville-Weirton, OH-WV SMSA",8080,8080,,,"Steubenville-Weirton, OH-WV MSA",8080,8080,,,"Steubenville-Weirton, OH-WV MSA"
8120,,"Stockton, CA SMSA",8120,8120,,,"Stockton-Lodi, CA MSA",8120,8120,,,"Stockton-Lodi, CA MSA"
,,,8140,8140,,,"Sumter, SC MSA",8140,8140,,,"Sumter, SC MSA"
8160,,"Syracuse, NY SMSA",8160,8160,,,"Syracuse, NY MSA",8160,8160,,,"Syracuse, NY MSA"
8200,91,"Tacoma, WA SMSA",8200,7602,8200,,"Tacoma, WA PMSA",8200,7602,8200,,"Tacoma, WA PMSA"
8240,,"Tallahassee, FL SMSA",8240,8240,,,"Tallahassee, FL MSA",8240,8240,,,"Tallahassee, FL MSA"
8280,,"Tampa-St. Petersburg, FL SMSA",8280,8280,,,"Tampa-St. Petersburg-Clearwater, FL MSA",8280,8280,,,"Tampa-St. Petersburg-Clearwater, FL MSA"
8320,,"Terre Haute, IN SMSA",8320,8320,,,"Terre Haute, IN MSA",8320,8320,,,"Terre Haute, IN MSA"
8360,,"Texarkana, TX-Texarkana, AR SMSA",8360,8360,,,"Texarkana, TX-Texarkana, AR MSA",8360,8360,,,"Texarkana, TX-Texarkana, AR MSA"
8400,,"Toledo, OH-MI SMSA",8400,8400,,,"Toledo, OH MSA",8400,8400,,,"Toledo, OH MSA"
8440,,"Topeka, KS SMSA",8440,8440,,,"Topeka, KS MSA",8440,8440,,,"Topeka, KS MSA"
8480,77,"Trenton, NJ SMSA",8480,5602,8480,,"Trenton, NJ PMSA",8480,5602,8480,,"Trenton, NJ PMSA"
8520,,"Tucson, AZ SMSA",8520,8520,,,"Tucson, AZ MSA",8520,8520,,,"Tucson, AZ MSA"
8560,,"Tulsa, OK SMSA",8560,8560,,,"Tulsa, OK MSA",8560,8560,,,"Tulsa, OK MSA"
8600,,"Tuscaloosa, AL SMSA",8600,8600,,,"Tuscaloosa, AL MSA",8600,8600,,,"Tuscaloosa, AL MSA"
8640,,"Tyler, TX SMSA",8640,8640,,,"Tyler, TX MSA",8640,8640,,,"Tyler, TX MSA"
8680,,"Utica-Rome, NY SMSA",8680,8680,,,"Utica-Rome, NY MSA",8680,8680,,,"Utica-Rome, NY MSA"
8720,84,"Vallejo-Fairfield-Napa, CA SMSA",8720,7362,8720,,"Vallejo-Fairfield-Napa, CA PMSA",8720,7362,8720,,"Vallejo-Fairfield-Napa, CA PMSA"
6000,49,"Oxnard-Simi Valley-Ventura, CA SMSA",8735,4472,8735,,"Ventura, CA PMSA",8735,4472,8735,,"Ventura, CA PMSA"
8750,,"Victoria, TX SMSA",8750,8750,,,"Victoria, TX MSA",8750,8750,,,"Victoria, TX MSA"
8760,,"Vineland-Millville-Bridgeton, NJ SMSA",8760,6162,8760,,"Vineland-Millville-Bridgeton, NJ PMSA",8760,6162,8760,,"Vineland-Millville-Bridgeton, NJ PMSA"
8780,,"Visalia-Tulare-Porterville, CA SMSA",8780,8780,,,"Visalia-Tulare-Porterville, CA MSA",8780,8780,,,"Visalia-Tulare-Porterville, CA MSA"
8800,,"Waco, TX SMSA",8800,8800,,,"Waco, TX MSA",8800,8800,,,"Waco, TX MSA"
8840,,"Washington, DC-MD-VA SMSA",8840,8872,8840,,"Washington, DC-MD-VA-WV PMSA",8840,8872,8840,,"Washington, DC-MD-VA-WV PMSA"
8880,,"Waterbury, CT SMSA",8880,5602,8880,,"Waterbury, CT PMSA",8880,5602,8880,5483,"New Haven-Bridgeport-Stamford-Waterbury-Danbury, CT NECMA"
8920,,"Waterloo-Cedar Falls, IA SMSA",8920,8920,,,"Waterloo-Cedar Falls, IA MSA",8920,8920,,,"Waterloo-Cedar Falls, IA MSA"
8940,,"Wausau, WI SMSA",8940,8940,,,"Wausau, WI MSA",8940,8940,,,"Wausau, WI MSA"
8960,,"West Palm Beach-Boca Raton, FL SMSA",8960,8960,,,"West Palm Beach-Boca Raton, FL MSA",8960,8960,,,"West Palm Beach-Boca Raton, FL MSA"
9000,,"Wheeling, WV-OH SMSA",9000,9000,,,"Wheeling, WV-OH MSA",9000,9000,,,"Wheeling, WV-OH MSA"
9040,,"Wichita, KS SMSA",9040,9040,,,"Wichita, KS MSA",9040,9040,,,"Wichita, KS MSA"
9080,,"Wichita Falls, TX SMSA",9080,9080,,,"Wichita Falls, TX MSA",9080,9080,,,"Wichita Falls, TX MSA"
9140,,"Williamsport, PA SMSA",9140,9140,,,"Williamsport, PA MSA",9140,9140,,,"Williamsport, PA MSA"
9160,77,"Wilmington, DE-NJ-MD SMSA",9160,6162,9160,,"Wilmington-Newark, DE-MD PMSA",9160,6162,9160,,"Wilmington-Newark, DE-MD PMSA"
9200,,"Wilmington, NC SMSA",9200,9200,,,"Wilmington, NC MSA",9200,9200,,,"Wilmington, NC MSA"
9240,,"Worcester, MA SMSA",9240,1122,9240,,"Worcester, MA-CT PMSA",9240,1122,9240,1123,"Boston-Worcester-Lawrence-Lowell-Brockton, MA-NH NECMA"
9260,,"Yakima, WA SMSA",9260,9260,,,"Yakima, WA MSA",9260,9260,,,"Yakima, WA MSA"
,,,9270,6922,9270,,"Yolo, CA PMSA",9270,6922,9270,,"Yolo, CA PMSA"
9280,,"York, PA SMSA",9280,9280,,,"York, PA MSA",9280,9280,,,"York, PA MSA"
9320,,"Youngstown-Warren, OH SMSA",9320,9320,,,"Youngstown-Warren, OH MSA",9320,9320,,,"Youngstown-Warren, OH MSA"
9340,,"Yuba City, CA SMSA",9340,9340,,,"Yuba City, CA MSA",9340,9340,,,"Yuba City, CA MSA"
,,,9360,9360,,,"Yuma, AZ MSA",9360,9360,,,"Yuma, AZ MSA"
,,,,,,733,"Bangor, ME NECMA",,,,733,"Bangor, ME NECMA"
,,,,,,743,"Barnstable-Yarmouth, MA NECMA",,,,743,"Barnstable-Yarmouth, MA NECMA"
,,,,,,1123,"Boston-Worcester-Lawrence-Lowell-Brockton, MA-NH NECMA",,,,1123,"Boston-Worcester-Lawrence-Lowell-Brockton, MA-NH NECMA"
,,,,,,1303,"Burlington, VT NECMA",,,,1303,"Burlington, VT NECMA"
,,,,,,3283,"Hartford, CT NECMA",,,,3283,"Hartford, CT NECMA"
,,,,,,4243,"Lewiston-Auburn, ME NECMA",,,,4243,"Lewiston-Auburn, ME NECMA"
,,,,,,5483,"New Haven-Bridgeport-Stamford-Waterbury-Danbury, CT NECMA",,,,5483,"New Haven-Bridgeport-Stamford-Waterbury-Danbury, CT NECMA"
,,,,,,5523,"New London-Norwich, CT NECMA",,,,5523,"New London-Norwich, CT NECMA"
,,,,,,6323,"Pittsfield, MA NECMA",,,,6323,"Pittsfield, MA NECMA"
,,,,,,6403,"Portland, ME NECMA",,,,6403,"Portland, ME NECMA"
,,,,,,6483,"Providence-Warwick-Pawtucket, RI NECMA",,,,6483,"Providence-Warwick-Pawtucket, RI NECMA"
,,,,,,8003,"Springfield, MA NECMA",,,,8003,"Springfield, MA NECMA"
,,,,1122,,,"Boston-Worcester-Lawrence, MA-NH-ME-CT CMSA",,1122,,,"Boston-Worcester-Lawrence, MA-NH-ME-CT CMSA"
,,,,1602,,,"Chicago-Gary-Kenosha, IL-IN-WI CMSA",,1602,,,"Chicago-Gary-Kenosha, IL-IN-WI CMSA"
,,,,1642,,,"Cincinnati-Hamilton, OH-KY-IN CMSA",,1642,,,"Cincinnati-Hamilton, OH-KY-IN CMSA"
,,,,1692,,,"Cleveland-Akron, OH CMSA",,1692,,,"Cleveland-Akron, OH CMSA"
,,,,1922,,,"Dallas-Fort Worth, TX CMSA",,1922,,,"Dallas-Fort Worth, TX CMSA"
,,,,2082,,,"Denver-Boulder-Greeley, CO CMSA",,2082,,,"Denver-Boulder-Greeley, CO CMSA"
,,,,2162,,,"Detroit-Ann Arbor-Flint, MI CMSA",,2162,,,"Detroit-Ann Arbor-Flint, MI CMSA"
,,,,3362,,,"Houston-Galveston-Brazoria, TX CMSA",,3362,,,"Houston-Galveston-Brazoria, TX CMSA"
,,,,4472,,,"Los Angeles-Riverside-Orange County, CA CMSA",,4472,,,"Los Angeles-Riverside-Orange County, CA CMSA"
,,,,4992,,,"Miami-Fort Lauderdale, FL CMSA",,4992,,,"Miami-Fort Lauderdale, FL CMSA"
,,,,5082,,,"Milwaukee-Racine, WI CMSA",,5082,,,"Milwaukee-Racine, WI CMSA"
,,,,5602,,,"New York-Northern New Jersey-Long Island, NY-NJ-CT-PA CMSA",,5602,,,"New York-Northern New Jersey-Long Island, NY-NJ-CT-PA CMSA"
,,,,6162,,,"Philadelphia-Wilmington-Atlantic City, PA-NJ-DE-MD CMSA",,6162,,,"Philadelphia-Wilmington-Atlantic City, PA-NJ-DE-MD CMSA"
,,,,6442,,,"Portland-Salem, OR-WA CMSA",,6442,,,"Portland-Salem, OR-WA CMSA"
,,,,6922,,,"Sacramento-Yolo, CA CMSA",,6922,,,"Sacramento-Yolo, CA CMSA"
,,,,7362,,,"San Francisco-Oakland-San Jose, CA CMSA",,7362,,,"San Francisco-Oakland-San Jose, CA CMSA"
,,,,7442,,,"San Juan-Caguas-Arecibo, PR CMSA",,7442,,,"San Juan-Caguas-Arecibo, PR CMSA"
,,,,7602,,,"Seattle-Tacoma-Bremerton, WA CMSA",,7602,,,"Seattle-Tacoma-Bremerton, WA CMSA"
,,,,8872,,,"Washington-Baltimore, DC-MD-VA-WV CMSA",,8872,,,"Washington-Baltimore, DC-MD-VA-WV CMSA"
,,,,,,,,,,,,
,,,,,,,,,,,,
,,,,,,,,,,,,
,,,,,,,,,,,,
,,,,,,,,,,,,
,,,,,,,,,,,,
,,,,,,,,,,,,
,,,,,,,,,,,,
,,,,,,,,,,,,
,,,,,,,,,,,,
,,,,,,,,,,,,
,,,,,,,,,,,,
,,,,,,,,,,,,
,,,,,,,,,,,,
,,,,,,,,,,,,
,,,,,,,,,,,,